Well	i5	i7
A1	TATAGCCT	ATTACTCG
A2	TATAGCCT	TCCGGAGA
A3	TATAGCCT	CGCTCATT
A4	TATAGCCT	GAGATTCC
A5	TATAGCCT	ATTCAGAA
A6	TATAGCCT	GAATTCGT
A7	TATAGCCT	CTGAAGCT
A8	TATAGCCT	TAATGCGC
A9	TATAGCCT	CGGCTATG
A10	TATAGCCT	TCCGCGAA
A11	TATAGCCT	TCTCGCGC
A12	TATAGCCT	AGCGATAG
B1	ATAGAGGC	ATTACTCG
B2	ATAGAGGC	TCCGGAGA
B3	ATAGAGGC	CGCTCATT
B4	ATAGAGGC	GAGATTCC
B5	ATAGAGGC	ATTCAGAA
B6	ATAGAGGC	GAATTCGT
B7	ATAGAGGC	CTGAAGCT
B8	ATAGAGGC	TAATGCGC
B9	ATAGAGGC	CGGCTATG
B10	ATAGAGGC	TCCGCGAA
B11	ATAGAGGC	TCTCGCGC
B12	ATAGAGGC	AGCGATAG
C1	CCTATCCT	ATTACTCG
C2	CCTATCCT	TCCGGAGA
C3	CCTATCCT	CGCTCATT
C4	CCTATCCT	GAGATTCC
C5	CCTATCCT	ATTCAGAA
C6	CCTATCCT	GAATTCGT
C7	CCTATCCT	CTGAAGCT
C8	CCTATCCT	TAATGCGC
C9	CCTATCCT	CGGCTATG
C10	CCTATCCT	TCCGCGAA
C11	CCTATCCT	TCTCGCGC
C12	CCTATCCT	AGCGATAG
D1	GGCTCTGA	ATTACTCG
D2	GGCTCTGA	TCCGGAGA
D3	GGCTCTGA	CGCTCATT
D4	GGCTCTGA	GAGATTCC
D5	GGCTCTGA	ATTCAGAA
D6	GGCTCTGA	GAATTCGT
D7	GGCTCTGA	CTGAAGCT
D8	GGCTCTGA	TAATGCGC
D9	GGCTCTGA	CGGCTATG
D10	GGCTCTGA	TCCGCGAA
D11	GGCTCTGA	TCTCGCGC
D12	GGCTCTGA	AGCGATAG
E1	AGGCGAAG	ATTACTCG
E2	AGGCGAAG	TCCGGAGA
E3	AGGCGAAG	CGCTCATT
E4	AGGCGAAG	GAGATTCC
E5	AGGCGAAG	ATTCAGAA
E6	AGGCGAAG	GAATTCGT
E7	AGGCGAAG	CTGAAGCT
E8	AGGCGAAG	TAATGCGC
E9	AGGCGAAG	CGGCTATG
E10	AGGCGAAG	TCCGCGAA
E11	AGGCGAAG	TCTCGCGC
E12	AGGCGAAG	AGCGATAG
F1	TAATCTTA	ATTACTCG
F2	TAATCTTA	TCCGGAGA
F3	TAATCTTA	CGCTCATT
F4	TAATCTTA	GAGATTCC
F5	TAATCTTA	ATTCAGAA
F6	TAATCTTA	GAATTCGT
F7	TAATCTTA	CTGAAGCT
F8	TAATCTTA	TAATGCGC
F9	TAATCTTA	CGGCTATG
F10	TAATCTTA	TCCGCGAA
F11	TAATCTTA	TCTCGCGC
F12	TAATCTTA	AGCGATAG
G1	CAGGACGT	ATTACTCG
G2	CAGGACGT	TCCGGAGA
G3	CAGGACGT	CGCTCATT
G4	CAGGACGT	GAGATTCC
G5	CAGGACGT	ATTCAGAA
G6	CAGGACGT	GAATTCGT
G7	CAGGACGT	CTGAAGCT
G8	CAGGACGT	TAATGCGC
G9	CAGGACGT	CGGCTATG
G10	CAGGACGT	TCCGCGAA
G11	CAGGACGT	TCTCGCGC
G12	CAGGACGT	AGCGATAG
H1	GTACTGAC	ATTACTCG
H2	GTACTGAC	TCCGGAGA
H3	GTACTGAC	CGCTCATT
H4	GTACTGAC	GAGATTCC
H5	GTACTGAC	ATTCAGAA
H6	GTACTGAC	GAATTCGT
H7	GTACTGAC	CTGAAGCT
H8	GTACTGAC	TAATGCGC
H9	GTACTGAC	CGGCTATG
H10	GTACTGAC	TCCGCGAA
H11	GTACTGAC	TCTCGCGC
H12	GTACTGAC	AGCGATAG